bibliography.title,bibliography.author.name,,,,,,,,,,,,
Pride and Prejudice,"Austen, Jane",,,,,,,,,,,,
The Yellow Wallpaper,"Gilman, Charlotte Perkins",,,,,,,,,,,,
Alice's Adventures in Wonderland,"Carroll, Lewis",,,,,,,,,,,,
"Frankenstein; Or, The Modern Prometheus","Shelley, Mary Wollstonecraft",,,,,,,,,,,,
Metamorphosis,"Kafka, Franz",,,,,,,,,,,,
Adventures of Huckleberry Finn,"Twain, Mark",,,,,,,,,,,,
The Importance of Being Earnest: A Trivial Comedy for Serious People,"Wilde, Oscar",,,,,,,,,,,,
The Adventures of Tom Sawyer,"Twain, Mark",,,,,,,,,,,,
"Narrative of the Life of Frederick Douglass, an American Slave","Douglass, Frederick",,,,,,,,,,,,
A Doll's House : a play,"Ibsen, Henrik",,,,,,,,,,,,
"Moby Dick; Or, The Whale","Melville, Herman",,,,,,,,,,,,
The Adventures of Sherlock Holmes,"Doyle, Arthur Conan",,,,,,,,,,,,
Great Expectations,"Dickens, Charles",,,,,,,,,,,,
Ulysses,"Joyce, James",,,,,,,,,,,,
A Tale of Two Cities,"Dickens, Charles",,,,,,,,,,,,
"A Modest Proposal: For preventing the children of poor people in Ireland, from being a burden on their parents or country, and for making them beneficial to the publick","Swift, Jonathan",,,,,,,,,,,,
Dracula,"Stoker, Bram",,,,,,,,,,,,
The Prince,"Machiavelli, Niccolo",,,,,,,,,,,,
The Picture of Dorian Gray,"Wilde, Oscar",,,,,,,,,,,,
War and Peace,"Tolstoy, Leo, graf",,,,,,,,,,,,
Grimms' Fairy Tales,"Grimm, Wilhelm",,,,,,,,,,,,
"The Kama Sutra of Vatsyayana: Translated From the Sanscrit in Seven Parts With Preface, Introduction and Concluding Remarks",Vatsyayana,,,,,,,,,,,,
Emma,"Austen, Jane",,,,,,,,,,,,
Beowulf: An Anglo-Saxon Epic Poem,Unknown,,,,,,,,,,,,
Les Misérables,"Hugo, Victor",,,,,,,,,,,,
The Romance of Lust: A Classic Victorian erotic novel,Anonymous,,,,,,,,,,,,
Jane Eyre: An Autobiography,"Bronte, Charlotte",,,,,,,,,,,,
Leaves of Grass,"Whitman, Walt",,,,,,,,,,,,
Dubliners,"Joyce, James",,,,,,,,,,,,
Sense and Sensibility,"Austen, Jane",,,,,,,,,,,,
Leviathan,"Hobbes, Thomas",,,,,,,,,,,,
The Strange Case of Dr. Jekyll and Mr. Hyde,"Stevenson, Robert Louis",,,,,,,,,,,,
Treasure Island,"Stevenson, Robert Louis",,,,,,,,,,,,
Wuthering Heights,"Bronte, Emily",,,,,,,,,,,,
Heart of Darkness,"Conrad, Joseph",,,,,,,,,,,,
"The Count of Monte Cristo, Illustrated","Dumas, Alexandre",,,,,,,,,,,,
Gulliver's Travels into Several Remote Nations of the World,"Swift, Jonathan",,,,,,,,,,,,
"The Awakening, and Selected Short Stories","Chopin, Kate",,,,,,,,,,,,
Peter Pan,"Barrie, J. M. (James Matthew)",,,,,,,,,,,,
Siddhartha,"Hesse, Hermann",,,,,,,,,,,,
The Republic,Plato,,,,,,,,,,,,
Autobiography of Benjamin Franklin,"Franklin, Benjamin",,,,,,,,,,,,
The Life and Adventures of Robinson Crusoe,"Defoe, Daniel",,,,,,,,,,,,
"Songs of Innocence, and Songs of Experience","Blake, William",,,,,,,,,,,,
Essays of Michel de Montaigne — Complete,"Montaigne, Michel de",,,,,,,,,,,,
"The Divine Comedy by Dante, Illustrated",Dante Alighieri,,,,,,,,,,,,
A Christmas Carol in Prose; Being a Ghost Story of Christmas,"Dickens, Charles",,,,,,,,,,,,
A Study in Scarlet,"Doyle, Arthur Conan",,,,,,,,,,,,
The Jungle Book,"Kipling, Rudyard",,,,,,,,,,,,
Crime and Punishment,"Dostoyevsky, Fyodor",,,,,,,,,,,,
The Iliad,Homer,,,,,,,,,,,,
Beyond Good and Evil,"Nietzsche, Friedrich Wilhelm",,,,,,,,,,,,
Candide,Voltaire,,,,,,,,,,,,
"Steam, Its Generation and Use",Babcock & Wilcox Company,,,,,,,,,,,,
Pygmalion,"Shaw, Bernard",,,,,,,,,,,,
The Complete Works of William Shakespeare,"Shakespeare, William",,,,,,,,,,,,
Oliver Twist,"Dickens, Charles",,,,,,,,,,,,
Heart of Darkness,"Conrad, Joseph",,,,,,,,,,,,
English Literature: Its History and Its Significance for the Life of the English-Speaking World,"Long, William J. (William Joseph)",,,,,,,,,,,,
An Occurrence at Owl Creek Bridge,"Bierce, Ambrose",,,,,,,,,,,,
Second Treatise of Government,"Locke, John",,,,,,,,,,,,
The King James Version of the Bible,Unknown,,,,,,,,,,,,
"My Secret Life, Volumes I. to III.: 1888 Edition",Anonymous,,,,,,,,,,,,
The Wonderful Wizard of Oz,"Baum, L. Frank (Lyman Frank)",,,,,,,,,,,,
On Liberty,"Mill, John Stuart",,,,,,,,,,,,
The Hound of the Baskervilles,"Doyle, Arthur Conan",,,,,,,,,,,,
Three Men in a Boat,"Jerome, Jerome K. (Jerome Klapka)",,,,,,,,,,,,
Through the Looking-Glass,"Carroll, Lewis",,,,,,,,,,,,
The Time Machine,"Wells, H. G. (Herbert George)",,,,,,,,,,,,
"The Interesting Narrative of the Life of Olaudah Equiano, Or Gustavus Vassa, The African: Written By Himself","Equiano, Olaudah",,,,,,,,,,,,
The Jungle,"Sinclair, Upton",,,,,,,,,,,,
Josefine Mutzenbacher: oder Die Geschichte einer Wienerischen Dirne von ihr selbst erzählt,"Salten, Felix",,,,,,,,,,,,
"Walden, and On The Duty Of Civil Disobedience","Thoreau, Henry David",,,,,,,,,,,,
Hard Times,"Dickens, Charles",,,,,,,,,,,,
The Brothers Karamazov,"Dostoyevsky, Fyodor",,,,,,,,,,,,
Democracy in America — Volume 1,"Tocqueville, Alexis de",,,,,,,,,,,,
Complete Original Short Stories of Guy De Maupassant,"Maupassant, Guy de",,,,,,,,,,,,
Practical Grammar and Composition,"Wood, Thomas",,,,,,,,,,,,
David Copperfield,"Dickens, Charles",,,,,,,,,,,,
Narrative of the Captivity and Restoration of Mrs. Mary Rowlandson,"Rowlandson, Mary White",,,,,,,,,,,,
Uncle Tom's Cabin,"Stowe, Harriet Beecher",,,,,,,,,,,,
How to Analyze People on Sight: Through the Science of Human Analysis: The Five Human Types,"Benedict, Ralph Paine",,,,,,,,,,,,
The Legend of Sleepy Hollow,"Irving, Washington",,,,,,,,,,,,
Around the World in Eighty Days,"Verne, Jules",,,,,,,,,,,,
Anna Karenina,"Tolstoy, Leo, graf",,,,,,,,,,,,
The Mysterious Affair at Styles,"Christie, Agatha",,,,,,,,,,,,
The Call of the Wild,"London, Jack",,,,,,,,,,,,
Anne of Green Gables,"Montgomery, L. M. (Lucy Maud)",,,,,,,,,,,,
Persuasion,"Austen, Jane",,,,,,,,,,,,
Don Quixote,"Cervantes Saavedra, Miguel de",,,,,,,,,,,,
Democracy and Education: An Introduction to the Philosophy of Education,"Dewey, John",,,,,,,,,,,,
A Portrait of the Artist as a Young Man,"Joyce, James",,,,,,,,,,,,
The Tragical History of Doctor Faustus: From the Quarto of 1604,"Marlowe, Christopher",,,,,,,,,,,,
Ethan Frome,"Wharton, Edith",,,,,,,,,,,,
Paradise Lost,"Milton, John",,,,,,,,,,,,
The Tragedy of Romeo and Juliet,"Shakespeare, William",,,,,,,,,,,,
Utopia,"More, Thomas, Saint",,,,,,,,,,,,
Myths and Legends of Ancient Greece and Rome,"Berens, E. M.",,,,,,,,,,,,
Forbidden Fruit: Luscious and exciting story and More forbidden fruit or; Master Percy's progress in and beyond the domestic circle,Anonymous,,,,,,,,,,,,
Common Sense,"Paine, Thomas",,,,,,,,,,,,
Northanger Abbey,"Austen, Jane",,,,,,,,,,,,
The Scarlet Letter,"Hawthorne, Nathaniel",,,,,,,,,,,,
The Communist Manifesto,"Engels, Friedrich",,,,,,,,,,,,
The Turn of the Screw,"James, Henry",,,,,,,,,,,,
Lysistrata,Aristophanes,,,,,,,,,,,,
The Souls of Black Folk,"Du Bois, W. E. B. (William Edward Burghardt)",,,,,,,,,,,,
Madame Bovary,"Flaubert, Gustave",,,,,,,,,,,,
The Reign of Greed,"Rizal, Jose",,,,,,,,,,,,
Hedda Gabler,"Ibsen, Henrik",,,,,,,,,,,,
The Return of Sherlock Holmes,"Doyle, Arthur Conan",,,,,,,,,,,,
Le Morte d'Arthur: Volume 1,"Malory, Thomas, Sir",,,,,,,,,,,,
The Works of Edgar Allan Poe — Volume 1,"Poe, Edgar Allan",,,,,,,,,,,,
Don Juan,"Byron, George Gordon Byron, Baron",,,,,,,,,,,,
The War of the Worlds,"Wells, H. G. (Herbert George)",,,,,,,,,,,,
Mansfield Park,"Austen, Jane",,,,,,,,,,,,
Just So Stories,"Kipling, Rudyard",,,,,,,,,,,,
Middlemarch,"Eliot, George",,,,,,,,,,,,
Thus Spake Zarathustra: A Book for All and None,"Nietzsche, Friedrich Wilhelm",,,,,,,,,,,,
Meditations,"Marcus Aurelius, Emperor of Rome",,,,,,,,,,,,
"On the Origin of Species By Means of Natural Selection: Or, the Preservation of Favoured Races in the Struggle for Life","Darwin, Charles",,,,,,,,,,,,
Faust,"Goethe, Johann Wolfgang von",,,,,,,,,,,,
An Inquiry into the Nature and Causes of the Wealth of Nations,"Smith, Adam",,,,,,,,,,,,
The Tale of Peter Rabbit,"Potter, Beatrix",,,,,,,,,,,,
"The Ladies' Book of Etiquette, and Manual of Politeness: A Complete Hand Book for the Use of the Lady in Polite Society","Hartley, Florence",,,,,,,,,,,,
A Treatise of Human Nature,"Hume, David",,,,,,,,,,,,
Little Women,"Alcott, Louisa May",,,,,,,,,,,,
The Problems of Philosophy,"Russell, Bertrand",,,,,,,,,,,,
Bleak House,"Dickens, Charles",,,,,,,,,,,,
The Works of Edgar Allan Poe — Volume 2,"Poe, Edgar Allan",,,,,,,,,,,,
The Devil's Dictionary,"Bierce, Ambrose",,,,,,,,,,,,
The Art of War,"Sunzi, active 6th century B.C.",,,,,,,,,,,,
The Critique of Pure Reason,"Kant, Immanuel",,,,,,,,,,,,
"Memoirs Of Fanny Hill: A New and Genuine Edition from the Original Text (London, 1749)","Cleland, John",,,,,,,,,,,,
The Practice and Science of Drawing,"Speed, Harold",,,,,,,,,,,,
The Sign of the Four,"Doyle, Arthur Conan",,,,,,,,,,,,
The Odyssey: Rendered into English prose for the use of those who cannot read the original,Homer,,,,,,,,,,,,
A Princess of Mars,"Burroughs, Edgar Rice",,,,,,,,,,,,
Myths and Legends of China,"Werner, E. T. C. (Edward Theodore Chalmers)",,,,,,,,,,,,
The Three Musketeers,"Dumas, Alexandre",,,,,,,,,,,,
2 B R 0 2 B,"Vonnegut, Kurt",,,,,,,,,,,,
The Sorrows of Young Werther,"Goethe, Johann Wolfgang von",,,,,,,,,,,,
The Woman in White,"Collins, Wilkie",,,,,,,,,,,,
Notes from the Underground,"Dostoyevsky, Fyodor",,,,,,,,,,,,
Latin for Beginners,"D'Ooge, Benjamin L. (Benjamin Leonard)",,,,,,,,,,,,
The Memoirs of Sherlock Holmes,"Doyle, Arthur Conan",,,,,,,,,,,,
The History Of The Decline And Fall Of The Roman Empire: Table of Contents with links in the HTML file to the two; Project Gutenberg editions (12 volumes),"Gibbon, Edward",,,,,,,,,,,,
The Trial,"Kafka, Franz",,,,,,,,,,,,
"Hamlet, Prince of Denmark","Shakespeare, William",,,,,,,,,,,,
A Concise Dictionary of Middle English from A.D. 1150 to 1580,"Skeat, Walter W. (Walter William)",,,,,,,,,,,,
Journal of Small Things,"Mackay, Helen",,,,,,,,,,,,
The Wind in the Willows,"Grahame, Kenneth",,,,,,,,,,,,
Tess of the d'Urbervilles: A Pure Woman,"Hardy, Thomas",,,,,,,,,,,,
Macbeth,"Shakespeare, William",,,,,,,,,,,,
The Elements of Style,"Strunk, William",,,,,,,,,,,,
An Ideal Husband,"Wilde, Oscar",,,,,,,,,,,,
Don Quijote,"Cervantes Saavedra, Miguel de",,,,,,,,,,,,
The Prince and the Pauper,"Twain, Mark",,,,,,,,,,,,
North and South,"Gaskell, Elizabeth Cleghorn",,,,,,,,,,,,
Childe Harold's Pilgrimage,"Byron, George Gordon Byron, Baron",,,,,,,,,,,,
The Anatomy of Melancholy,"Burton, Robert",,,,,,,,,,,,
The Notebooks of Leonardo Da Vinci — Complete,"Leonardo, da Vinci",,,,,,,,,,,,
Andersen's Fairy Tales,"Andersen, H. C. (Hans Christian)",,,,,,,,,,,,
Great Disasters and Horrors in the World's History,"Godbey, Allen Howard",,,,,,,,,,,,
Plays,"Glaspell, Susan",,,,,,,,,,,,
Dead End,"Macfarlane, Wallace",,,,,,,,,,,,
Philosophiae Naturalis Principia Mathematica,"Newton, Isaac, Sir",,,,,,,,,,,,
The Confessions of St. Augustine,"Augustine, Saint, Bishop of Hippo",,,,,,,,,,,,
Swann's Way,"Proust, Marcel",,,,,,,,,,,,
"Twelve Years a Slave: Narrative of Solomon Northup, a Citizen of New-York, Kidnapped in Washington City in 1841, and Rescued in 1853, from a Cotton Plantation near the Red River in Louisiana","Northup, Solomon",,,,,,,,,,,,
The Sea-Gull,"Chekhov, Anton Pavlovich",,,,,,,,,,,,
Spacemen Die at Home,"Ludwig, Edward W.",,,,,,,,,,,,
The Secret Adversary,"Christie, Agatha",,,,,,,,,,,,
The Ten Books on Architecture,Vitruvius Pollio,,,,,,,,,,,,
"The vision of hell.: By Dante Alighieri.; Translated by Rev. Henry Francis Cary, M.A.; and illustrated with the seventy-five designs of Gustave Doré.",Dante Alighieri,,,,,,,,,,,,
Noli Me Tangere,"Rizal, Jose",,,,,,,,,,,,
"Beasts, Men and Gods","Ossendowski, Ferdynand Antoni",,,,,,,,,,,,
The Castle of Otranto,"Walpole, Horace",,,,,,,,,,,,
"Lyrical Ballads, With a Few Other Poems (1798)","Wordsworth, William",,,,,,,,,,,,
The Moonstone,"Collins, Wilkie",,,,,,,,,,,,
The Fall of the House of Usher,"Poe, Edgar Allan",,,,,,,,,,,,
The Age of Innocence,"Wharton, Edith",,,,,,,,,,,,
The Aeneid,Virgil,,,,,,,,,,,,
"The Monkey's Paw: The Lady of the Barge and Others, Part 2.","Jacobs, W. W. (William Wymark)",,,,,,,,,,,,
Alice's Adventures in Wonderland,"Carroll, Lewis",,,,,,,,,,,,
The Secret Garden,"Burnett, Frances Hodgson",,,,,,,,,,,,
The History of the Peloponnesian War,Thucydides,,,,,,,,,,,,
A Connecticut Yankee in King Arthur's Court,"Twain, Mark",,,,,,,,,,,,
The Livestock Producer and Armour,Unknown,,,,,,,,,,,,
Carmilla,"Le Fanu, Joseph Sheridan",,,,,,,,,,,,
"Eve's Diary, Complete","Twain, Mark",,,,,,,,,,,,
Ethics,"Spinoza, Benedictus de",,,,,,,,,,,,
Anthem,"Rand, Ayn",,,,,,,,,,,,
A Room with a View,"Forster, E. M. (Edward Morgan)",,,,,,,,,,,,
"The Divine Comedy by Dante, Illustrated, Paradise, Complete",Dante Alighieri,,,,,,,,,,,,
"The Mechanical Properties of Wood: Including a Discussion of the Factors Affecting the Mechanical Properties, and Methods of Timber Testing","Record, Samuel J. (Samuel James)",,,,,,,,,,,,
"Pamela, or Virtue Rewarded","Richardson, Samuel",,,,,,,,,,,,
This Side of Paradise,"Fitzgerald, F. Scott (Francis Scott)",,,,,,,,,,,,
"The Happy Prince, and Other Tales","Wilde, Oscar",,,,,,,,,,,,
The Innocents Abroad,"Twain, Mark",,,,,,,,,,,,
An Essay on Man; Moral Essays and Satires,"Pope, Alexander",,,,,,,,,,,,
The Tragedy of Pudd'nhead Wilson,"Twain, Mark",,,,,,,,,,,,
Symposium,Plato,,,,,,,,,,,,
The Gentlemen's Book of Etiquette and Manual of Politeness: Being a Complete Guide for a Gentleman's Conduct in All His Relations Towards Society,"Hartley, Cecil B.",,,,,,,,,,,,
The Man Who Was Six,"Wallace, F. L. (Floyd L.)",,,,,,,,,,,,
Plays of Sophocles: Oedipus the King; Oedipus at Colonus; Antigone,Sophocles,,,,,,,,,,,,
The Red Badge of Courage: An Episode of the American Civil War,"Crane, Stephen",,,,,,,,,,,,
The Condition of the Working-Class in England in 1844: with a Preface written in 1892,"Engels, Friedrich",,,,,,,,,,,,
"Divine Comedy, Longfellow's Translation, Hell",Dante Alighieri,,,,,,,,,,,,
Cyrano de Bergerac,"Rostand, Edmond",,,,,,,,,,,,
Hamlet,"Shakespeare, William",,,,,,,,,,,,
Discourse on the Method of Rightly Conducting One's Reason and of Seeking Truth in the Sciences,"Descartes, Rene",,,,,,,,,,,,
Maggie: A Girl of the Streets,"Crane, Stephen",,,,,,,,,,,,
The Library of Entertainment Handbook,"Scammell, John Chilton",,,,,,,,,,,,
Twenty Thousand Leagues under the Sea,"Verne, Jules",,,,,,,,,,,,
The King in Yellow,"Chambers, Robert W. (Robert William)",,,,,,,,,,,,
The World as Will and Idea (Vol. 1 of 3),"Schopenhauer, Arthur",,,,,,,,,,,,
The American Occupation of the Philippines 1898-1912,"Blount, James H. (James Henderson)",,,,,,,,,,,,
"The Canterbury Tales, and Other Poems","Chaucer, Geoffrey",,,,,,,,,,,,
My Man Jeeves,"Wodehouse, P. G. (Pelham Grenville)",,,,,,,,,,,,
"Spenser's The Faerie Queene, Book I","Spenser, Edmund",,,,,,,,,,,,
Mrs. Warren's Profession,"Shaw, Bernard",,,,,,,,,,,,
Pascal's Pensées,"Pascal, Blaise",,,,,,,,,,,,
Venus in Furs,"Sacher-Masoch, Leopold, Ritter von",,,,,,,,,,,,
The Legends of King Arthur and His Knights,"Knowles, James, Sir",,,,,,,,,,,,
The Satyricon — Complete,Petronius Arbiter,,,,,,,,,,,,
"The Pilgrim's Progress from this world to that which is to come: Delivered under the similitude of a dream, by John Bunyan","Bunyan, John",,,,,,,,,,,,
Kidnapped,"Stevenson, Robert Louis",,,,,,,,,,,,
On War — Volume 1,"Clausewitz, Carl von",,,,,,,,,,,,
The Confessions of Jean Jacques Rousseau — Complete,"Rousseau, Jean-Jacques",,,,,,,,,,,,
Die Verwandlung,"Kafka, Franz",,,,,,,,,,,,
The Idiot,"Dostoyevsky, Fyodor",,,,,,,,,,,,
Famous Impostors,"Stoker, Bram",,,,,,,,,,,,
The Strange Case of Dr. Jekyll and Mr. Hyde,"Stevenson, Robert Louis",,,,,,,,,,,,
The Addicts,"Samachson, Joseph",,,,,,,,,,,,
The Lost World,"Doyle, Arthur Conan",,,,,,,,,,,,
Life on the Mississippi,"Twain, Mark",,,,,,,,,,,,
An Enquiry Concerning Human Understanding,"Hume, David",,,,,,,,,,,,
The Marching Morons,"Kornbluth, C. M. (Cyril M.)",,,,,,,,,,,,
The Decameron of Giovanni Boccaccio,"Boccaccio, Giovanni",,,,,,,,,,,,
A Vindication of the Rights of Woman: With Strictures on Political and Moral Subjects,"Wollstonecraft, Mary",,,,,,,,,,,,
Tarzan of the Apes,"Burroughs, Edgar Rice",,,,,,,,,,,,
Southern Horrors: Lynch Law in All Its Phases,"Wells-Barnett, Ida B.",,,,,,,,,,,,
Uncle Vanya: Scenes from Country Life in Four Acts,"Chekhov, Anton Pavlovich",,,,,,,,,,,,
The Social Cancer: A Complete English Version of Noli Me Tangere,"Rizal, Jose",,,,,,,,,,,,
Gargantua and Pantagruel,"Rabelais, Francois",,,,,,,,,,,,
The Pursuit of God,"Tozer, A. W. (Aiden Wilson)",,,,,,,,,,,,
The Federalist Papers,"Jay, John",,,,,,,,,,,,
"The Life and Opinions of Tristram Shandy, Gentleman","Sterne, Laurence",,,,,,,,,,,,
The Ladies Delight,Anonymous,,,,,,,,,,,,
"The Lives of the Twelve Caesars, Complete",Suetonius,,,,,,,,,,,,
Roughing It,"Twain, Mark",,,,,,,,,,,,
Second Variety,"Dick, Philip K.",,,,,,,,,,,,
Bridge Crossing,"Dryfoos, Dave",,,,,,,,,,,,
"The Thousand and One Nights, Vol. I.: Commonly Called the Arabian Nights' Entertainments",Unknown,,,,,,,,,,,,
The Consolation of Philosophy,Boethius,,,,,,,,,,,,
A Complete Guide to Heraldry,"Fox-Davies, Arthur Charles",,,,,,,,,,,,
Max und Moritz: Eine Bubengeschichte in sieben Streichen,"Busch, Wilhelm",,,,,,,,,,,,
The Poetics of Aristotle,Aristotle,,,,,,,,,,,,
Ghosts,"Ibsen, Henrik",,,,,,,,,,,,
Struwwelpeter: Merry Stories and Funny Pictures,"Hoffmann, Heinrich",,,,,,,,,,,,
Youth,"Asimov, Isaac",,,,,,,,,,,,
Plain Tales from the Hills,"Kipling, Rudyard",,,,,,,,,,,,
The Invisible Man: A Grotesque Romance,"Wells, H. G. (Herbert George)",,,,,,,,,,,,
Utilitarianism,"Mill, John Stuart",,,,,,,,,,,,
Novo dicionário da língua portuguesa,"Figueiredo, Candido de",,,,,,,,,,,,
Beasts and Super-Beasts,Saki,,,,,,,,,,,,
"The History of Prostitution: Its Extent, Causes, and Effects throughout the World","Sanger, William W.",,,,,,,,,,,,
A Journey to the Centre of the Earth,"Verne, Jules",,,,,,,,,,,,
A Classification and Subject Index for Cataloguing and Arranging the Books and Pamphlets of a Library,"Dewey, Melvil",,,,,,,,,,,,
The Theory of the Leisure Class,"Veblen, Thorstein",,,,,,,,,,,,
Ivanhoe: A Romance,"Scott, Walter",,,,,,,,,,,,
Notre-Dame De Paris,"Hugo, Victor",,,,,,,,,,,,
"Lineage, Life and Labors of José Rizal, Philippine Patriot","Craig, Austin",,,,,,,,,,,,
The Valley of Fear,"Doyle, Arthur Conan",,,,,,,,,,,,
The Island of Doctor Moreau,"Wells, H. G. (Herbert George)",,,,,,,,,,,,
Alice's Adventures in Wonderland: Illustrated by Arthur Rackham. With a Proem by Austin Dobson,"Carroll, Lewis",,,,,,,,,,,,
The Man Outside,"Smith, Evelyn E.",,,,,,,,,,,,
The Last of the Mohicans; A narrative of 1757,"Cooper, James Fenimore",,,,,,,,,,,,
The Adventures of Pinocchio,"Collodi, Carlo",,,,,,,,,,,,
"The Spectator, Volumes 1, 2 and 3: With Translations and Index for the Series","Steele, Richard, Sir",,,,,,,,,,,,
The Jungle Book,"Kipling, Rudyard",,,,,,,,,,,,
The Sense of Wonder,"Marlowe, Stephen",,,,,,,,,,,,
China and Pottery Marks,Unknown,,,,,,,,,,,,
Aesop's Fables; a new translation,Aesop,,,,,,,,,,,,
Essays by Ralph Waldo Emerson,"Emerson, Ralph Waldo",,,,,,,,,,,,
Encyclopedia of Needlework,"Dillmont, Therese de",,,,,,,,,,,,
"Chaucer's Works, Volume 4 (of 7) — The Canterbury Tales","Chaucer, Geoffrey",,,,,,,,,,,,
White Fang,"London, Jack",,,,,,,,,,,,
"Mosses from an Old Manse, and Other Stories","Hawthorne, Nathaniel",,,,,,,,,,,,
The Mayor of Casterbridge,"Hardy, Thomas",,,,,,,,,,,,
"Shakespearean Tragedy: Lectures on Hamlet, Othello, King Lear, Macbeth","Bradley, A. C. (Andrew Cecil)",,,,,,,,,,,,
The Waste Land,"Eliot, T. S. (Thomas Stearns)",,,,,,,,,,,,
My Antonia,"Cather, Willa",,,,,,,,,,,,
Florante at Laura,"Balagtas, Francisco",,,,,,,,,,,,
Apology,Plato,,,,,,,,,,,,
"Bartleby, the Scrivener: A Story of Wall-Street","Melville, Herman",,,,,,,,,,,,
Far from the Madding Crowd,"Hardy, Thomas",,,,,,,,,,,,
History of the Decline and Fall of the Roman Empire — Volume 1,"Gibbon, Edward",,,,,,,,,,,,
The Lady with the Dog and Other Stories,"Chekhov, Anton Pavlovich",,,,,,,,,,,,
Filipino Popular Tales,Unknown,,,,,,,,,,,,
Antiquities of the Jews,"Josephus, Flavius",,,,,,,,,,,,
The Secret Agent: A Simple Tale,"Conrad, Joseph",,,,,,,,,,,,
The Raven,"Poe, Edgar Allan",,,,,,,,,,,,
The Iliad,Homer,,,,,,,,,,,,
"The Mysterious Stranger, and Other Stories","Twain, Mark",,,,,,,,,,,,
How?: or Spare Hours Made Profitable for Boys and Girls,"Holbrook, Kennedy",,,,,,,,,,,,
Laura Middleton; Her Brother and her Lover,Anonymous,,,,,,,,,,,,
Biographia Literaria,"Coleridge, Samuel Taylor",,,,,,,,,,,,
"Incidents in the Life of a Slave Girl, Written by Herself","Jacobs, Harriet A. (Harriet Ann)",,,,,,,,,,,,
"How To Write Special Feature Articles: A Handbook for Reporters, Correspondents and Free-Lance Writers Who Desire to Contribute to Popular Magazines and Magazine Sections of Newspapers","Bleyer, Willard Grosvenor",,,,,,,,,,,,
The Pickwick Papers,"Dickens, Charles",,,,,,,,,,,,
The House of Mirth,"Wharton, Edith",,,,,,,,,,,,
A Little Princess: Being the whole story of Sara Crewe now told for the first time,"Burnett, Frances Hodgson",,,,,,,,,,,,
My Lady Greensleeves,"Pohl, Frederik",,,,,,,,,,,,
"1000 Mythological Characters Briefly Described: Adapted to Private Schools, High Schools and Academies","Ellis, Edward Sylvester",,,,,,,,,,,,
Women in Love,"Lawrence, D. H. (David Herbert)",,,,,,,,,,,,
An Enemy of the People,"Ibsen, Henrik",,,,,,,,,,,,
Palmistry for All,Cheiro,,,,,,,,,,,,
The Person and Work of The Holy Spirit,"Torrey, R. A. (Reuben Archer)",,,,,,,,,,,,
Best Russian Short Stories,Unknown,,,,,,,,,,,,
Faust: Der Tragödie erster Teil,"Goethe, Johann Wolfgang von",,,,,,,,,,,,
The Thirty-Nine Steps,"Buchan, John",,,,,,,,,,,,
Webster's Unabridged Dictionary,Various,,,,,,,,,,,,
Flatland: A Romance of Many Dimensions (Illustrated),"Abbott, Edwin Abbott",,,,,,,,,,,,
What Is Man? and Other Essays,"Twain, Mark",,,,,,,,,,,,
"The History of Don Quixote, Volume 1, Complete","Cervantes Saavedra, Miguel de",,,,,,,,,,,,
"Right Ho, Jeeves","Wodehouse, P. G. (Pelham Grenville)",,,,,,,,,,,,
Dr. Kometevsky's Day,"Leiber, Fritz",,,,,,,,,,,,
The Best American Humorous Short Stories,Unknown,,,,,,,,,,,,
Silas Marner,"Eliot, George",,,,,,,,,,,,
The Vampyre; a Tale,"Polidori, John William",,,,,,,,,,,,
Relativity : the Special and General Theory,"Einstein, Albert",,,,,,,,,,,,
"The Doré Bible Gallery, Complete: Containing One Hundred Superb Illustrations, and a Page of Explanatory Letter-press Facing Each",Unknown,,,,,,,,,,,,
The Literary World Seventh Reader,Unknown,,,,,,,,,,,,
The Innocence of Father Brown,"Chesterton, G. K. (Gilbert Keith)",,,,,,,,,,,,
"Electricity in Locomotion: An Account of its Mechanism, its Achievements, and its Prospects","Whyte, Adam Gowens",,,,,,,,,,,,
Kim,"Kipling, Rudyard",,,,,,,,,,,,
Irish Fairy Tales,"Stephens, James",,,,,,,,,,,,
My Bondage and My Freedom,"Douglass, Frederick",,,,,,,,,,,,
"Captain Cook's Journal During His First Voyage Round the World: Made in H. M. Bark ""Endeavour"", 1768-71","Cook, James",,,,,,,,,,,,
Black Beauty,"Sewell, Anna",,,,,,,,,,,,
De Profundis,"Wilde, Oscar",,,,,,,,,,,,
A Discourse Upon the Origin and the Foundation of the Inequality Among Mankind,"Rousseau, Jean-Jacques",,,,,,,,,,,,
The Middle-Class Gentleman,Moliere,,,,,,,,,,,,
The Alchemist,"Jonson, Ben",,,,,,,,,,,,
Poems,"Hugo, Victor",,,,,,,,,,,,
The Rape of the Lock and Other Poems,"Pope, Alexander",,,,,,,,,,,,
Aesop's Fables: Translated by George Fyler Townsend,Aesop,,,,,,,,,,,,
Democracy in America — Volume 2,"Tocqueville, Alexis de",,,,,,,,,,,,
"The Story of My Life: With her letters (1887-1901) and a supplementary account of her education, including passages from the reports and letters of her teacher, Anne Mansfield Sullivan, by John Albert Macy","Keller, Helen",,,,,,,,,,,,
"She Stoops to Conquer; Or, The Mistakes of a Night: A Comedy","Goldsmith, Oliver",,,,,,,,,,,,
The Scarlet Pimpernel,"Orczy, Emmuska Orczy, Baroness",,,,,,,,,,,,
The Poems and Prose Poems of Charles Baudelaire: with an Introductory Preface by James Huneker,"Baudelaire, Charles",,,,,,,,,,,,
The Rime of the Ancient Mariner,"Coleridge, Samuel Taylor",,,,,,,,,,,,
The Frontier in American History,"Turner, Frederick Jackson",,,,,,,,,,,,
Moby Dick,"Melville, Herman",,,,,,,,,,,,
Buddenbrooks: Verfall einer Familie,"Mann, Thomas",,,,,,,,,,,,
A Little Journey,"Bradbury, Ray",,,,,,,,,,,,
Vanity Fair,"Thackeray, William Makepeace",,,,,,,,,,,,
Birds of a Feather,"Silverberg, Robert",,,,,,,,,,,,
Autobiography of a Yogi,"Yogananda, Paramahansa",,,,,,,,,,,,
Nine Thousand Miles On A Pullman Train: An Account of a Tour of Railroad Conductors From; Philadelphia to the Pacific Coast an Return,"Shaw, Milton",,,,,,,,,,,,
Dream Psychology: Psychoanalysis for Beginners,"Freud, Sigmund",,,,,,,,,,,,
The Pilot and the Bushman,"Jacobs, Sylvia",,,,,,,,,,,,
Beautiful Stories from Shakespeare,"Shakespeare, William",,,,,,,,,,,,
The Works of Edgar Allan Poe — Volume 3,"Poe, Edgar Allan",,,,,,,,,,,,
Daisy Miller: A Study,"James, Henry",,,,,,,,,,,,
Peter and Wendy,"Barrie, J. M. (James Matthew)",,,,,,,,,,,,
"Personal Memoirs of U. S. Grant, Complete","Grant, Ulysses S. (Ulysses Simpson)",,,,,,,,,,,,
"Trial of the Major War Criminals Before the International Military Tribunal, Vol. I: Nuremburg 14 November 1945-1 October 1946: Vol. I",Various,,,,,,,,,,,,
"The Black Man, the Father of Civilization, Proven by Biblical History","Webb, James Morris",,,,,,,,,,,,
The Autobiography of a Super-Tramp,"Davies, W. H. (William Henry)",,,,,,,,,,,,
The Enchiridion,Epictetus,,,,,,,,,,,,
History  of the World War: An Authentic Narrative of the World's Greatest War,"March, Francis Andrew",,,,,,,,,,,,
Confidence Game,"Harmon, Jim",,,,,,,,,,,,
Confessions of an English Opium-Eater,"De Quincey, Thomas",,,,,,,,,,,,
The Antichrist,"Nietzsche, Friedrich Wilhelm",,,,,,,,,,,,
A Short History of the World,"Wells, H. G. (Herbert George)",,,,,,,,,,,,
The Phantom of the Opera,"Leroux, Gaston",,,,,,,,,,,,
Three Contributions to the Theory of Sex,"Freud, Sigmund",,,,,,,,,,,,
The Varieties of Religious Experience: A Study in Human Nature,"James, William",,,,,,,,,,,,
She,"Haggard, H. Rider (Henry Rider)",,,,,,,,,,,,
1811 Dictionary of the Vulgar Tongue,"Grose, Francis",,,,,,,,,,,,
"Poems by Emily Dickinson, Three Series, Complete","Dickinson, Emily",,,,,,,,,,,,
Poems,"Eliot, T. S. (Thomas Stearns)",,,,,,,,,,,,
"On Heroes, Hero-Worship, and the Heroic in History","Carlyle, Thomas",,,,,,,,,,,,
"Ang Liham ni Dr. Jose Rizal sa mga Kadalagahan sa Malolos, Bulakan","Rizal, Jose",,,,,,,,,,,,
Patty's Fortune,"Wells, Carolyn",,,,,,,,,,,,
"The Wars of the Jews; Or, The History of the Destruction of Jerusalem","Josephus, Flavius",,,,,,,,,,,,
"The Origin of Species by Means of Natural Selection: Or, the Preservation of Favoured Races in the Struggle for Life, 6th Edition","Darwin, Charles",,,,,,,,,,,,
The Tempest: The Works of William Shakespeare [Cambridge Edition] [9 vols.],"Shakespeare, William",,,,,,,,,,,,
The Ignoble Savages,"Smith, Evelyn E.",,,,,,,,,,,,
On the Nature of Things,"Lucretius Carus, Titus",,,,,,,,,,,,
"The Outline of Science, Vol. 1 (of 4): A Plain Story Simply Told","Thomson, J. Arthur (John Arthur)",,,,,,,,,,,,
Pride and Prejudice,"Austen, Jane",,,,,,,,,,,,
Medea of Euripides,Euripides,,,,,,,,,,,,
"Volpone; Or, The Fox","Jonson, Ben",,,,,,,,,,,,
"The life of Midhat Pasha; a record of his services, political reforms, banishment, and judicial murder",Ali Haydar Mithat,,,,,,,,,,,,
Othello,"Shakespeare, William",,,,,,,,,,,,
The Pride of Jennico: Being a Memoir of Captain Basil Jennico,"Castle, Egerton",,,,,,,,,,,,
Make Me An Offer,"Blomberg, Con",,,,,,,,,,,,
People Soup,"Arkin, Alan",,,,,,,,,,,,
"The Mantle, and Other Stories","Gogol, Nikolai Vasilevich",,,,,,,,,,,,
Gorgias,Plato,,,,,,,,,,,,
The Playboy of the Western World: A Comedy in Three Acts,"Synge, J. M. (John Millington)",,,,,,,,,,,,
Sea Legs,"Quattrocchi, Frank",,,,,,,,,,,,
Phaedo,Plato,,,,,,,,,,,,
Der Tod in Venedig,"Mann, Thomas",,,,,,,,,,,,
Our Mutual Friend,"Dickens, Charles",,,,,,,,,,,,
The Spicy Sound of Success,"Harmon, Jim",,,,,,,,,,,,
"Boy Scouts Handbook: The First Edition, 1911",Boy Scouts of America,,,,,,,,,,,,
The Ethics of Aristotle,Aristotle,,,,,,,,,,,,
The Great God Pan,"Machen, Arthur",,,,,,,,,,,,
The Writings of Thomas Paine — Volume 4 (1794-1796): The Age of Reason,"Paine, Thomas",,,,,,,,,,,,
"The Works of the Right Honourable Edmund Burke, Vol. 01 (of 12)","Burke, Edmund",,,,,,,,,,,,
Pragmatism: A New Name for Some Old Ways of Thinking,"James, William",,,,,,,,,,,,
Angel's Egg,"Pangborn, Edgar",,,,,,,,,,,,
The Man Who Was Thursday: A Nightmare,"Chesterton, G. K. (Gilbert Keith)",,,,,,,,,,,,
A Woman of No Importance,"Wilde, Oscar",,,,,,,,,,,,
The History of Herodotus — Volume 1,Herodotus,,,,,,,,,,,,
Arms and the Man,"Shaw, Bernard",,,,,,,,,,,,
The Republic,Plato,,,,,,,,,,,,
"Plays by Anton Chekhov, Second Series","Chekhov, Anton Pavlovich",,,,,,,,,,,,
The Duchess of Malfi,"Webster, John",,,,,,,,,,,,
"Submarines, Mines and Torpedoes in the War","Domville-Fife, Charles William",,,,,,,,,,,,
Survival Type,"Bone, Jesse F. (Jesse Franklin)",,,,,,,,,,,,
A Touch of E Flat,"Gibson, Joe",,,,,,,,,,,,
Fresh Air Fiend,"Neville, Kris",,,,,,,,,,,,
The Eyes Have It,"Dick, Philip K.",,,,,,,,,,,,
King Solomon's Mines,"Haggard, H. Rider (Henry Rider)",,,,,,,,,,,,
Beyond the Door,"Dick, Philip K.",,,,,,,,,,,,
"What Men Live By, and Other Tales","Tolstoy, Leo, graf",,,,,,,,,,,,
Der Struwwelpeter: oder lustige Geschichten und drollige Bilder,"Hoffmann, Heinrich",,,,,,,,,,,,
The Aesop for Children: With pictures by Milo Winter,Aesop,,,,,,,,,,,,
The Possessed (The Devils),"Dostoyevsky, Fyodor",,,,,,,,,,,,
The Fairy Tales of Charles Perrault,"Perrault, Charles",,,,,,,,,,,,
The Secret Garden,"Burnett, Frances Hodgson",,,,,,,,,,,,
"The National Geographic Magazine, Vol. II., No. 2, May, 1890",Various,,,,,,,,,,,,
"The Journals of Lewis and Clark, 1804-1806","Clark, William",,,,,,,,,,,,
An Enquiry Concerning the Principles of Morals,"Hume, David",,,,,,,,,,,,
The Iron Heel,"London, Jack",,,,,,,,,,,,
A Journal of the Plague Year: Written by a Citizen Who Continued All the While in London,"Defoe, Daniel",,,,,,,,,,,,
Bede's Ecclesiastical History of England,"Bede, the Venerable, Saint",,,,,,,,,,,,
As a Man Thinketh,"Allen, James",,,,,,,,,,,,
Inside Earth,"Anderson, Poul",,,,,,,,,,,,
"Bushido, the Soul of Japan","Nitobe, Inazo",,,,,,,,,,,,
The Red Room,"Wells, H. G. (Herbert George)",,,,,,,,,,,,
The Blue Fairy Book,"Lang, Andrew",,,,,,,,,,,,
Citizen Jell,"Shaara, Michael",,,,,,,,,,,,
Nationalism,"Tagore, Rabindranath",,,,,,,,,,,,
Anne of the Island,"Montgomery, L. M. (Lucy Maud)",,,,,,,,,,,,
Villette,"Bronte, Charlotte",,,,,,,,,,,,
The Poetical Works of William Wordsworth — Volume 3,"Wordsworth, William",,,,,,,,,,,,
The Mysterious Island,"Verne, Jules",,,,,,,,,,,,
The Canterville Ghost,"Wilde, Oscar",,,,,,,,,,,,
Prime Difference,"Nourse, Alan Edward",,,,,,,,,,,,
Adventures of Sherlock Holmes: Illustrated,"Doyle, Arthur Conan",,,,,,,,,,,,
The Man in the Iron Mask,"Dumas, Alexandre",,,,,,,,,,,,
Poems and Songs of Robert Burns,"Burns, Robert",,,,,,,,,,,,
Man in a Quandary,"Wesley, Joseph",,,,,,,,,,,,
"Opticks: Or, A Treatise of the Reflections, Refractions, Inflections, and Colours of Light","Newton, Isaac, Sir",,,,,,,,,,,,
The Gilded Age: A Tale of Today,"Twain, Mark",,,,,,,,,,,,
Memoirs of Extraordinary Popular Delusions and the Madness of Crowds,"Mackay, Charles",,,,,,,,,,,,
The House of the Seven Gables,"Hawthorne, Nathaniel",,,,,,,,,,,,
Simple Sabotage Field Manual,United States. Office of Strategic Services,,,,,,,,,,,,
"Life in the Iron-Mills; Or, The Korl Woman","Davis, Rebecca Harding",,,,,,,,,,,,
Time In the Round,"Leiber, Fritz",,,,,,,,,,,,
Anne of Avonlea,"Montgomery, L. M. (Lucy Maud)",,,,,,,,,,,,
Japanese Fairy Tales,"Ozaki, Yei Theodora",,,,,,,,,,,,
The Monk: A Romance,"Lewis, M. G. (Matthew Gregory)",,,,,,,,,,,,
Indian Fairy Tales,Unknown,,,,,,,,,,,,
"Historia de Venezuela, Tomo I","Aguado, Pedro de, active 16th century",,,,,,,,,,,,
Public School Life: Boys Masters Parents,"Waugh, Alec",,,,,,,,,,,,
The Campaign in Russian Poland,"Standing, Percy Cross",,,,,,,,,,,,
Also sprach Zarathustra: Ein Buch für Alle und Keinen,"Nietzsche, Friedrich Wilhelm",,,,,,,,,,,,
Double Standard,"Coppel, Alfred",,,,,,,,,,,,
The Red Record: Tabulated Statistics and Alleged Causes of Lynching in the United States,"Wells-Barnett, Ida B.",,,,,,,,,,,,
The Elementary Forms of the Religious Life,"Durkheim, Emile",,,,,,,,,,,,
The Works of Edgar Allan Poe — Volume 5,"Poe, Edgar Allan",,,,,,,,,,,,
Paradise Lost,"Milton, John",,,,,,,,,,,,
On the Sublime,"Longinus, 1st cent.",,,,,,,,,,,,
Break a Leg,"Harmon, Jim",,,,,,,,,,,,
The Grand Inquisitor,"Dostoyevsky, Fyodor",,,,,,,,,,,,
"Woodwork Joints: How they are Set Out, How Made and Where Used.","Fairham, William",,,,,,,,,,,,
To The Fore With the Tanks!,"Westerman, Percy F. (Percy Francis)",,,,,,,,,,,,
Memories of the Kaiser's Court,"Topham, Anne",,,,,,,,,,,,
I Am A Nucleus,"Barr, Stephen",,,,,,,,,,,,
Turkey; the Awakening of Turkey; the Turkish Revolution of 1908,"Knight, E. F. (Edward Frederick)",,,,,,,,,,,,
Not a Creature Was Stirring,"Evans, Dean",,,,,,,,,,,,
My Life and Work,"Ford, Henry",,,,,,,,,,,,
Siddhartha: eine indische Dichtung,"Hesse, Hermann",,,,,,,,,,,,
The Portrait of a Lady — Volume 1,"James, Henry",,,,,,,,,,,,
Lord of the World,"Benson, Robert Hugh",,,,,,,,,,,,
Nature,"Emerson, Ralph Waldo",,,,,,,,,,,,
Fundamental Principles of the Metaphysic of Morals,"Kant, Immanuel",,,,,,,,,,,,
The Shunned House,"Lovecraft, H. P. (Howard Phillips)",,,,,,,,,,,,
Up from Slavery: An Autobiography,"Washington, Booker T.",,,,,,,,,,,,
"The Memoirs of Jacques Casanova de Seingalt, 1725-1798. Complete","Casanova, Giacomo",,,,,,,,,,,,
A Tramp Abroad,"Twain, Mark",,,,,,,,,,,,
Letters of Pliny,"Pliny, the Younger",,,,,,,,,,,,
Helps to Latin Translation at Sight,"Luce, Edmund",,,,,,,,,,,,
Erotica Romana,"Goethe, Johann Wolfgang von",,,,,,,,,,,,
Voyage to Far N'jurd,"Neville, Kris",,,,,,,,,,,,
"History of Tom Jones, a Foundling","Fielding, Henry",,,,,,,,,,,,
Micrographia: Some Physiological Descriptions of Minute Bodies Made by Magnifying Glasses with Observations and Inquiries Thereupon,"Hooke, Robert",,,,,,,,,,,,
...So They Baked a Cake,"Marks, Winston K.",,,,,,,,,,,,
Little Dorrit,"Dickens, Charles",,,,,,,,,,,,
The Railway Children,"Nesbit, E. (Edith)",,,,,,,,,,,,
The Beast in the Jungle,"James, Henry",,,,,,,,,,,,
The Autobiography of Benjamin Franklin,"Franklin, Benjamin",,,,,,,,,,,,
Politics: A Treatise on Government,Aristotle,,,,,,,,,,,,
Little Black Sambo,"Bannerman, Helen",,,,,,,,,,,,
"The Metamorphoses of Ovid, Books I-VII",Ovid,,,,,,,,,,,,
Reflections; or Sentences and Moral Maxims,"La Rochefoucauld, Francois duc de",,,,,,,,,,,,
The Man That Corrupted Hadleyburg,"Twain, Mark",,,,,,,,,,,,
The Anglo-Saxon Chronicle,Unknown,,,,,,,,,,,,
Amusements in Mathematics,"Dudeney, Henry Ernest",,,,,,,,,,,,
The Travels of Marco Polo — Volume 1,Rustichello of Pisa,,,,,,,,,,,,
Herland,"Gilman, Charlotte Perkins",,,,,,,,,,,,
Etiquette,"Post, Emily",,,,,,,,,,,,
Darkwater: Voices from Within the Veil,"Du Bois, W. E. B. (William Edward Burghardt)",,,,,,,,,,,,
Poems Every Child Should Know: The What-Every-Child-Should-Know-Library,Unknown,,,,,,,,,,,,
"The History of the Highland Clearances: Second Edition, Altered and Revised","Mackenzie, Alexander",,,,,,,,,,,,
"Prisoner of the Mill: or, Captain Hayward's ""Body Guard""","Hazelton, Harry",,,,,,,,,,,,
Lex,"Haggert, W. T.",,,,,,,,,,,,
"The Rámáyan of Válmíki, translated into English verse",Valmiki,,,,,,,,,,,,
"Human, All Too Human: A Book for Free Spirits","Nietzsche, Friedrich Wilhelm",,,,,,,,,,,,
The Girls From Earth,"Robinson, Frank M.",,,,,,,,,,,,
Father Goriot,"Balzac, Honore de",,,,,,,,,,,,
Le Morte d'Arthur: Volume 2,"Malory, Thomas, Sir",,,,,,,,,,,,
The Analysis of Mind,"Russell, Bertrand",,,,,,,,,,,,
The Power of Mesmerism: A Highly Erotic Narrative of Voluptuous Facts and Fancies,Anonymous,,,,,,,,,,,,
No Substitutions,"Harmon, Jim",,,,,,,,,,,,
Growing Up On Big Muddy,"De Vet, Charles V. (Charles Vincent)",,,,,,,,,,,,
Omens and Superstitions of Southern India,"Thurston, Edgar",,,,,,,,,,,,
Lady Windermere's Fan,"Wilde, Oscar",,,,,,,,,,,,
Shakespeare's Sonnets,"Shakespeare, William",,,,,,,,,,,,
"The Mentor: The Metropolitan Museum of Art, Vol. 6, Num. 9, Serial No. 157, June 15, 1918","Noe, Sydney P.",,,,,,,,,,,,
Tender Buttons: Objects—Food—Rooms,"Stein, Gertrude",,,,,,,,,,,,
"The Underground Railroad: A Record of Facts, Authentic Narratives, Letters, &c., Narrating the Hardships, Hair-Breadth Escapes and Death Struggles of the Slaves in Their Efforts for Freedom, As Related by Themselves and Others, or Witnessed by the Author.","Still, William",,,,,,,,,,,,
Nicholas Nickleby,"Dickens, Charles",,,,,,,,,,,,
Jude the Obscure,"Hardy, Thomas",,,,,,,,,,,,
Daddy-Long-Legs,"Webster, Jean",,,,,,,,,,,,
The Tenant of Wildfell Hall,"Bronte, Anne",,,,,,,,,,,,
"Fifteen Thousand Useful Phrases: A Practical Handbook Of Pertinent Expressions, Striking Similes, Literary, Commercial, Conversational, And Oratorical Terms, For The Embellishment Of Speech And Literature, And The Improvement Of The Vocabulary Of Those Persons Who Read, Write, And Speak English","Kleiser, Grenville",,,,,,,,,,,,
Plain Living: A Bush Idyll,"Boldrewood, Rolf",,,,,,,,,,,,
On the Duty of Civil Disobedience,"Thoreau, Henry David",,,,,,,,,,,,
The Man Who Would Be King,"Kipling, Rudyard",,,,,,,,,,,,
Orthodoxy,"Chesterton, G. K. (Gilbert Keith)",,,,,,,,,,,,
The Tragedy of Macbeth,"Shakespeare, William",,,,,,,,,,,,
"Boswell's Life of Johnson: Abridged and edited, with an introduction by Charles Grosvenor Osgood","Boswell, James",,,,,,,,,,,,
License to Steal,"Newman, Louis",,,,,,,,,,,,
"A Queen of Tears, vol. 1 of 2: Caroline Matilda, Queen of Denmark and Norway and Princess; of Great Britain and Ireland","Wilkins, W. H. (William Henry)",,,,,,,,,,,,
The Music Master of Babylon,"Pangborn, Edgar",,,,,,,,,,,,
Sonnets from the Portuguese,"Browning, Elizabeth Barrett",,,,,,,,,,,,
Essays of Schopenhauer,"Schopenhauer, Arthur",,,,,,,,,,,,
A Midsummer Night's Dream,"Shakespeare, William",,,,,,,,,,,,
The Principles of Chemistry Volume I (of 2),"Mendeleyev, Dmitry Ivanovich",,,,,,,,,,,,
The Tragedy of Julius Caesar,"Shakespeare, William",,,,,,,,,,,,
Grimm's Fairy Stories,"Grimm, Jacob",,,,,,,,,,,,
Memoirs of Napoleon Bonaparte — Complete,"Bourrienne, Louis Antoine Fauvelet de",,,,,,,,,,,,
"The Influence of Sea Power Upon History, 1660-1783","Mahan, A. T. (Alfred Thayer)",,,,,,,,,,,,
The Wendigo,"Blackwood, Algernon",,,,,,,,,,,,
"Swenson, Dispatcher","Miller, R. DeWitt",,,,,,,,,,,,
A Dog Day: or The Angel in the House,"Emanuel, Walter",,,,,,,,,,,,
In Praise of Folly: Illustrated with Many Curious Cuts,"Erasmus, Desiderius",,,,,,,,,,,,
Cautionary Tales for Children,"Belloc, Hilaire",,,,,,,,,,,,
Cookery and Dining in Imperial Rome,Apicius,,,,,,,,,,,,
Famous Modern Ghost Stories,Unknown,,,,,,,,,,,,
The Book of Household Management,"Beeton, Mrs. (Isabella Mary)",,,,,,,,,,,,
The Economic Consequences of the Peace,"Keynes, John Maynard",,,,,,,,,,,,
"A General History of the Pyrates:: from their first rise and settlement in the island of Providence, to the present time","Defoe, Daniel",,,,,,,,,,,,
Stories from The Arabian Nights,"Housman, Laurence",,,,,,,,,,,,
The Story of Doctor Dolittle,"Lofting, Hugh",,,,,,,,,,,,
"Manners, Customs, and Dress During the Middle Ages and During the Renaissance Period","Jacob, P. L.",,,,,,,,,,,,
"Cicero's Tusculan Disputations: Also, Treatises On The Nature Of The Gods, And On The Commonwealth","Cicero, Marcus Tullius",,,,,,,,,,,,
The Complete Plays of Gilbert and Sullivan,"Gilbert, W. S. (William Schwenck)",,,,,,,,,,,,
Sir Gawayne and the Green Knight: An Alliterative Romance-Poem (c. 1360 A.D.),Unknown,,,,,,,,,,,,
The Book of the Thousand Nights and a Night — Volume 01,Unknown,,,,,,,,,,,,
Composition,"Dow, Arthur Wesley",,,,,,,,,,,,
The Ballad of the White Horse,"Chesterton, G. K. (Gilbert Keith)",,,,,,,,,,,,
Phaedra,"Racine, Jean",,,,,,,,,,,,
Man of Distinction,"Shaara, Michael",,,,,,,,,,,,
The Mill on the Floss,"Eliot, George",,,,,,,,,,,,
Lord Jim,"Conrad, Joseph",,,,,,,,,,,,
The Piazza Tales,"Melville, Herman",,,,,,,,,,,,
A Treatise on Painting,"Leonardo, da Vinci",,,,,,,,,,,,
A Christmas Carol,"Dickens, Charles",,,,,,,,,,,,
A Shropshire Lad,"Housman, A. E. (Alfred Edward)",,,,,,,,,,,,
"The Will to Believe, and Other Essays in Popular Philosophy","James, William",,,,,,,,,,,,
Love and Freindship [sic],"Austen, Jane",,,,,,,,,,,,
Slaveholding: Weighed in the Balance of Truth,"Fitch, Charles",,,,,,,,,,,,
Oedipus King of Thebes: Translated into English Rhyming Verse with Explanatory Notes,Sophocles,,,,,,,,,,,,
Bullet With His Name,"Leiber, Fritz",,,,,,,,,,,,
Emile,"Rousseau, Jean-Jacques",,,,,,,,,,,,
Myths of the Norsemen: From the Eddas and Sagas,"Guerber, H. A. (Helene Adeline)",,,,,,,,,,,,
The Golden Bough: A Study of Magic and Religion,"Frazer, James George",,,,,,,,,,,,
How the Other Half Lives: Studies Among the Tenements of New York,"Riis, Jacob A. (Jacob August)",,,,,,,,,,,,
Romeo and Juliet,"Shakespeare, William",,,,,,,,,,,,
Mark Twain's Speeches,"Twain, Mark",,,,,,,,,,,,
"The Man with Two Left Feet, and Other Stories","Wodehouse, P. G. (Pelham Grenville)",,,,,,,,,,,,
Märchen für Kinder,"Andersen, H. C. (Hans Christian)",,,,,,,,,,,,
Sense and Sensibility,"Austen, Jane",,,,,,,,,,,,
Fairy Tales of Hans Christian Andersen,"Andersen, H. C. (Hans Christian)",,,,,,,,,,,,
Illustrated History of Furniture: From the Earliest to the Present Time,"Litchfield, Frederick",,,,,,,,,,,,
End as a Hero,"Laumer, Keith",,,,,,,,,,,,
Hafiz in London,"Hafiz, 14th cent.",,,,,,,,,,,,
The Gods of Mars,"Burroughs, Edgar Rice",,,,,,,,,,,,
The Pencil of Nature,"Talbot, William Henry Fox",,,,,,,,,,,,
My Own Story,"Pankhurst, Emmeline",,,,,,,,,,,,
Salomé: A Tragedy in One Act,"Wilde, Oscar",,,,,,,,,,,,
An Advanced English Grammar with Exercises,"Farley, Frank Edgar",,,,,,,,,,,,
What is Posat?,"Smith, Phyllis Sterling",,,,,,,,,,,,
His Last Bow: An Epilogue of Sherlock Holmes,"Doyle, Arthur Conan",,,,,,,,,,,,
Mysticism and Logic and Other Essays,"Russell, Bertrand",,,,,,,,,,,,
"The Memoirs of the Conquistador Bernal Diaz del Castillo, Vol 1 (of 2): Written by Himself Containing a True and Full Account of the Discovery and Conquest of Mexico and New Spain.","Diaz del Castillo, Bernal",,,,,,,,,,,,
The Dunwich Horror,"Lovecraft, H. P. (Howard Phillips)",,,,,,,,,,,,
Anabasis,Xenophon,,,,,,,,,,,,
"The Younger Edda; Also called Snorre's Edda, or The Prose Edda",Snorri Sturluson,,,,,,,,,,,,
The Arabian Nights: Their Best-known Tales,Unknown,,,,,,,,,,,,
Dr. Montessori's Own Handbook,"Montessori, Maria",,,,,,,,,,,,
The Works of Edgar Allan Poe — Volume 4,"Poe, Edgar Allan",,,,,,,,,,,,
The Mysteries of Udolpho,"Radcliffe, Ann Ward",,,,,,,,,,,,
In the path of the alphabet: an historical account of the ancient beginnings and; evolution of the modern alphabet,"Jermain, Frances",,,,,,,,,,,,
The Declaration of Independence of the United States of America,"Jefferson, Thomas",,,,,,,,,,,,
A Bad Day for Vermin,"Laumer, Keith",,,,,,,,,,,,
Anne's House of Dreams,"Montgomery, L. M. (Lucy Maud)",,,,,,,,,,,,
"The Tribes and Castes of the Central Provinces of India, Volume 1","Russell, R. V. (Robert Vane)",,,,,,,,,,,,
The Romance of Tristan and Iseult,"Bedier, Joseph",,,,,,,,,,,,
"In Stahlgewittern, aus dem Tagebuch eines Stoßtruppführers","Junger, Ernst",,,,,,,,,,,,
Lady Susan,"Austen, Jane",,,,,,,,,,,,
The Return of the Native,"Hardy, Thomas",,,,,,,,,,,,
Idylls of the King,"Tennyson, Alfred Tennyson, Baron",,,,,,,,,,,,
Beowulf,Unknown,,,,,,,,,,,,
Selected Sermons of Jonathan Edwards,"Edwards, Jonathan",,,,,,,,,,,,
"Tartuffe; Or, The Hypocrite",Moliere,,,,,,,,,,,,
Beyond Lies the Wub,"Dick, Philip K.",,,,,,,,,,,,
English Translations Of Works Of Emile Zola: An Index to the Project Gutenberg Works of Zola in English,"Zola, Emile",,,,,,,,,,,,
A Text-Book of the History of Painting,"Van Dyke, John Charles",,,,,,,,,,,,
Tales of the Jazz Age,"Fitzgerald, F. Scott (Francis Scott)",,,,,,,,,,,,
Lady Audley's Secret,"Braddon, M. E. (Mary Elizabeth)",,,,,,,,,,,,
Far from the Madding Crowd,"Hardy, Thomas",,,,,,,,,,,,
How to Live on 24 Hours a Day,"Bennett, Arnold",,,,,,,,,,,,
The Tragedy of King Lear,"Shakespeare, William",,,,,,,,,,,,
Myths of Babylonia and Assyria,"Mackenzie, Donald A. (Donald Alexander)",,,,,,,,,,,,
Dead Souls,"Gogol, Nikolai Vasilevich",,,,,,,,,,,,
"The Mahabharata of Krishna-Dwaipayana Vyasa, Volume 1: Books 1, 2 and 3",Unknown,,,,,,,,,,,,
Doctor Thorne,"Trollope, Anthony",,,,,,,,,,,,
Library of the World's Best Mystery and Detective Stories,Unknown,,,,,,,,,,,,
"Mechanical Drawing Self-Taught: Comprising instructions in the selection and preparation of drawing instruments, elementary instruction in practical mechanical drawing; together with examples in simple geometry and elementary mechanism, including screw threads, gear wheels, mechanical motions, engines and boilers","Rose, Joshua",,,,,,,,,,,,
The Return of Sherlock Holmes,"Doyle, Arthur Conan",,,,,,,,,,,,
Dombey and Son,"Dickens, Charles",,,,,,,,,,,,
"History of Egypt, Chaldea, Syria, Babylonia, and Assyria in the Light of Recent Discovery","King, L. W. (Leonard William)",,,,,,,,,,,,
"The Tao Teh King, or the Tao and its Characteristics",Laozi,,,,,,,,,,,,
Alice's Abenteuer im Wunderland,"Carroll, Lewis",,,,,,,,,,,,
The Variable Man,"Dick, Philip K.",,,,,,,,,,,,
Pen Pal,"Marlowe, Stephen",,,,,,,,,,,,
Warlord of Mars,"Burroughs, Edgar Rice",,,,,,,,,,,,
Household Stories by the Brothers Grimm,"Grimm, Wilhelm",,,,,,,,,,,,
"How to Tell a Story, and Other Essays","Twain, Mark",,,,,,,,,,,,
My Strange Rescue: and other stories of Sport and Adventure in Canada,"Oxley, J. Macdonald (James Macdonald)",,,,,,,,,,,,
English Synonyms and Antonyms: With Notes on the Correct Use of Prepositions,"Fernald, James Champlin",,,,,,,,,,,,
The Big Trip Up Yonder,"Vonnegut, Kurt",,,,,,,,,,,,
The Ways of the Planets,"Martin, Martha Evans",,,,,,,,,,,,
"Gutenberg, and the Art of Printing","Pearson, Emily Clemens",,,,,,,,,,,,
"The Life and Amours of the Beautiful, Gay and Dashing Kate Percival: The Belle of the Delaware","Percival, Kate",,,,,,,,,,,,
Meno,Plato,,,,,,,,,,,,
Das Unheimliche,"Freud, Sigmund",,,,,,,,,,,,
The Art of Public Speaking,"Esenwein, J. Berg (Joseph Berg)",,,,,,,,,,,,
Laughter: An Essay on the Meaning of the Comic,"Bergson, Henri",,,,,,,,,,,,
"The History of Rome, Books 01 to 08",Livy,,,,,,,,,,,,
"Looking Backward, 2000 to 1887","Bellamy, Edward",,,,,,,,,,,,
The Art Of Writing & Speaking The English Language: Word-Study and Composition & Rhetoric,"Cody, Sherwin",,,,,,,,,,,,
Heidi: (Gift Edition),"Spyri, Johanna",,,,,,,,,,,,
New Atlantis,"Bacon, Francis",,,,,,,,,,,,
The Fortunes and Misfortunes of the Famous Moll Flanders,"Defoe, Daniel",,,,,,,,,,,,
"Apology, Crito, and Phaedo of Socrates",Plato,,,,,,,,,,,,
The School for Scandal,"Sheridan, Richard Brinsley",,,,,,,,,,,,
The Letters of Wolfgang Amadeus Mozart — Volume 01,"Mozart, Wolfgang Amadeus",,,,,,,,,,,,
"The Art of Money Getting; Or, Golden Rules for Making Money","Barnum, P. T. (Phineas Taylor)",,,,,,,,,,,,
"An Essay Concerning Humane Understanding, Volume 1: MDCXC, Based on the 2nd Edition, Books 1 and 2","Locke, John",,,,,,,,,,,,
Four Arthurian Romances,"Chretien, de Troyes, active 12th century",,,,,,,,,,,,
"The Mentor: The Incas, vol. 6, num. 3, Serial No. 151, March 15, 1918","Hardy, Osgood",,,,,,,,,,,,
Twice Told Tales,"Hawthorne, Nathaniel",,,,,,,,,,,,
Sex-linked Inheritance in Drosophila,"Bridges, Calvin B. (Calvin Blackman)",,,,,,,,,,,,
"Slave Narratives: A Folk History of Slavery in the United States From Interviews with Former Slaves: Volume I, Alabama Narratives",United States. Work Projects Administration,,,,,,,,,,,,
How We Think,"Dewey, John",,,,,,,,,,,,
The Arabian Nights Entertainments,Anonymous,,,,,,,,,,,,
Nostromo: A Tale of the Seaboard,"Conrad, Joseph",,,,,,,,,,,,
"The Business, As Usual","Sharkey, Jack",,,,,,,,,,,,
McTeague: A Story of San Francisco,"Norris, Frank",,,,,,,,,,,,
The Taming of the Shrew,"Shakespeare, William",,,,,,,,,,,,
Sons and Lovers,"Lawrence, D. H. (David Herbert)",,,,,,,,,,,,
"A Brief Account of the Destruction of the Indies: Or, a faithful NARRATIVE OF THE Horrid and Unexampled Massacres, Butcheries, and all manner of Cruelties, that Hell and Malice could invent, committed by the Popish Spanish Party on the inhabitants of West-India, TOGETHER With the Devastations of several Kingdoms in America by Fire and Sword, for the space of Forty and Two Years, from the time of its first Discovery by them.","Casas, Bartolome de las",,,,,,,,,,,,
The Seven Lamps of Architecture,"Ruskin, John",,,,,,,,,,,,
"The History of Don Quixote, Volume 2, Complete","Cervantes Saavedra, Miguel de",,,,,,,,,,,,
Les misérables Tome I: Fantine,"Hugo, Victor",,,,,,,,,,,,
Jesus the Christ: A Study of the Messiah and His Mission According to Holy; Scriptures Both Ancient and Modern,"Talmage, James E. (James Edward)",,,,,,,,,,,,
Considerations on Representative Government,"Mill, John Stuart",,,,,,,,,,,,
Following the Equator: A Journey Around the World,"Twain, Mark",,,,,,,,,,,,
The Sea-Wolf,"London, Jack",,,,,,,,,,,,
Babbitt,"Lewis, Sinclair",,,,,,,,,,,,
The Last Man,"Shelley, Mary Wollstonecraft",,,,,,,,,,,,
The Wind in the Willows,"Grahame, Kenneth",,,,,,,,,,,,
The Hand Phrenologically Considered: Being a Glimpse at the Relation of the Mind with the Organisation of the Body,Anonymous,,,,,,,,,,,,
"Human, All-Too-Human: A Book For Free Spirits; Part II","Nietzsche, Friedrich Wilhelm",,,,,,,,,,,,
"Frankenstein; Or, The Modern Prometheus","Shelley, Mary Wollstonecraft",,,,,,,,,,,,
The Oxford Book of American Essays,Unknown,,,,,,,,,,,,
Memoirs of General William T. Sherman — Complete,"Sherman, William T. (William Tecumseh)",,,,,,,,,,,,
The Merry Adventures of Robin Hood,"Pyle, Howard",,,,,,,,,,,,
Dr. Elsie Inglis,"Balfour, Lady Frances",,,,,,,,,,,,
The Tenniel Illustrations for Carroll's Alice in Wonderland,"Tenniel, John",,,,,,,,,,,,
"Principles Of Political Economy: Abridged with Critical, Bibliographical, and Explanatory Notes, and a Sketch of the History of Political Economy","Mill, John Stuart",,,,,,,,,,,,
"The Mysteries of London, v. 2/4","Reynolds, George W. M. (George William MacArthur)",,,,,,,,,,,,
All Things Considered,"Chesterton, G. K. (Gilbert Keith)",,,,,,,,,,,,
The Iliads of Homer: Translated according to the Greek,Homer,,,,,,,,,,,,
Le roman de la rose - Tome I,"Guillaume, de Lorris, active 1230",,,,,,,,,,,,
The Merchant of Venice,"Shakespeare, William",,,,,,,,,,,,
All About Coffee,"Ukers, William H. (William Harrison)",,,,,,,,,,,,
Là-bas,"Huysmans, J.-K. (Joris-Karl)",,,,,,,,,,,,
A Husband for My Wife,"Stuart, William W.",,,,,,,,,,,,
The Way of the World,"Congreve, William",,,,,,,,,,,,
English Coins and Tokens: With A Chapter on Greek and Roman Coins,"Jewitt, Llewellynn Frederick William",,,,,,,,,,,,
The Forsyte Saga - Complete,"Galsworthy, John",,,,,,,,,,,,
The Sleeping Beauty and other fairy tales,"Perrault, Charles",,,,,,,,,,,,
The Willows,"Blackwood, Algernon",,,,,,,,,,,,
In Bad Company and other stories,"Boldrewood, Rolf",,,,,,,,,,,,
The Birth of Tragedy: or Hellenism and Pessimism,"Nietzsche, Friedrich Wilhelm",,,,,,,,,,,,
The Jew of Malta,"Marlowe, Christopher",,,,,,,,,,,,
The House on the Borderland,"Hodgson, William Hope",,,,,,,,,,,,
Major Barbara,"Shaw, Bernard",,,,,,,,,,,,
The Song of Roland,Unknown,,,,,,,,,,,,
Life Is a Dream,"Calderon de la Barca, Pedro",,,,,,,,,,,,
The Game of Logic,"Carroll, Lewis",,,,,,,,,,,,
The Marvelous Land of Oz,"Baum, L. Frank (Lyman Frank)",,,,,,,,,,,,
The Wisdom of Father Brown,"Chesterton, G. K. (Gilbert Keith)",,,,,,,,,,,,
Cawnpore,"Trevelyan, George Otto",,,,,,,,,,,,
Astounding Stories of Super-Science January 1930,Unknown,,,,,,,,,,,,
Nice Girl With 5 Husbands,"Leiber, Fritz",,,,,,,,,,,,
A First Spanish Reader,"Roessler, Erwin W. (Erwin William)",,,,,,,,,,,,
"The Essays of ""George Eliot"": Complete","Eliot, George",,,,,,,,,,,,
"De Nederlandsche Geslachtsnamen in Oorsprong, Geschiedenis en Beteekenis","Winkler, Johan",,,,,,,,,,,,
American Fairy Tales,"Baum, L. Frank (Lyman Frank)",,,,,,,,,,,,
The Social Contract & Discourses,"Rousseau, Jean-Jacques",,,,,,,,,,,,
Home Geography for Primary Grades,"Long, C. C.",,,,,,,,,,,,
Bahnwärter Thiel,"Hauptmann, Gerhart",,,,,,,,,,,,
Phaedrus,Plato,,,,,,,,,,,,
Ibrahim Pasha: Grand Vizir of Suleiman the Magnificent,"Jenkins, Hester Donaldson",,,,,,,,,,,,
Pollyanna,"Porter, Eleanor H. (Eleanor Hodgman)",,,,,,,,,,,,
"The Letters of Cicero, Volume 1: The Whole Extant Correspodence in Chronological Order","Cicero, Marcus Tullius",,,,,,,,,,,,
The Good Soldier,"Ford, Ford Madox",,,,,,,,,,,,
The Practice of the Presence of God,"Lawrence, of the Resurrection, Brother",,,,,,,,,,,,
The Old Curiosity Shop,"Dickens, Charles",,,,,,,,,,,,
Man and Superman: A Comedy and a Philosophy,"Shaw, Bernard",,,,,,,,,,,,
Moral Equivalent,"Neville, Kris",,,,,,,,,,,,
Ibong Adarna: Corrido at Buhay na Pinagdaanan nang tatlong Principeng Magcacapatid na Anac nang Haring Fernando at nang Reina Valeriana sa Cahariang Berbania,Anonymous,,,,,,,,,,,,
Madame Bovary,"Flaubert, Gustave",,,,,,,,,,,,
"The Anabasis of Alexander: or, The History of the Wars and Conquests of Alexander the Great","Nicomedia, Arrian of",,,,,,,,,,,,
The Princess and the Goblin,"MacDonald, George",,,,,,,,,,,,
The Odyssey,Homer,,,,,,,,,,,,
That Which Hath Wings,"Dehan, Richard",,,,,,,,,,,,
Spoon River Anthology,"Masters, Edgar Lee",,,,,,,,,,,,
Stories from Tagore,"Tagore, Rabindranath",,,,,,,,,,,,
"The Divine Comedy by Dante, Illustrated, Purgatory, Complete",Dante Alighieri,,,,,,,,,,,,
"Cicero: Letters to Atticus, Volume III (of 3)","Cicero, Marcus Tullius",,,,,,,,,,,,
"McGuffey's First Eclectic Reader, Revised Edition","McGuffey, William Holmes",,,,,,,,,,,,
Hawaiian Folk Tales: A Collection of Native Legends,Unknown,,,,,,,,,,,,
The Second Jungle Book,"Kipling, Rudyard",,,,,,,,,,,,
The Hound of the Baskervilles,"Doyle, Arthur Conan",,,,,,,,,,,,
Plutarch: Lives of the noble Grecians and Romans,Plutarch,,,,,,,,,,,,
The Story of the Three Little Pigs,"Brooke, L. Leslie (Leonard Leslie)",,,,,,,,,,,,
The Crowd: A Study of the Popular Mind,"Le Bon, Gustave",,,,,,,,,,,,
The Cool War,"Fetler, Andrew",,,,,,,,,,,,
The Iliad of Homer: Translated into English Blank Verse by William Cowper,Homer,,,,,,,,,,,,
The Imitation of Christ,"Thomas, a Kempis",,,,,,,,,,,,
Fifty Famous Stories Retold,"Baldwin, James",,,,,,,,,,,,
"""Everyman,"" with other interludes, including eight miracle plays",Unknown,,,,,,,,,,,,
The Fight Against Lynching: Anti-Lynching Work of the National Association for the Advancement of Colored People for the Year Nineteen Eighteen,Anonymous,,,,,,,,,,,,
The Boy Mechanic: Volume 1: 700 Things for Boys to Do,Popular Mechanics Company,,,,,,,,,,,,
The Lock and Key Library: Classic Mystery and Detective Stories: Modern English,Unknown,,,,,,,,,,,,
"Motor Matt's Reverse: or, Caught in a Losing Cause","Matthews, Stanley R.",,,,,,,,,,,,
"White Nights and Other Stories: The Novels of Fyodor Dostoevsky, Volume X","Dostoyevsky, Fyodor",,,,,,,,,,,,
The Satyricon — Volume 02: Dinner of Trimalchio,Petronius Arbiter,,,,,,,,,,,,
Hunt the Hunter,"Neville, Kris",,,,,,,,,,,,
The Complete Project Gutenberg Works of Jane Austen: A Linked Index of all PG Editions of Jane Austen,"Austen, Jane",,,,,,,,,,,,
Poems,"Rilke, Rainer Maria",,,,,,,,,,,,
Advance Agent,"Anvil, Christopher",,,,,,,,,,,,
The Life of Reason: The Phases of Human Progress,"Santayana, George",,,,,,,,,,,,
Twenty Thousand Leagues Under the Seas: An Underwater Tour of the World,"Verne, Jules",,,,,,,,,,,,
Tamburlaine the Great — Part 1,"Marlowe, Christopher",,,,,,,,,,,,
Symbolic Logic,"Carroll, Lewis",,,,,,,,,,,,
The Master Builder,"Ibsen, Henrik",,,,,,,,,,,,
Poem Outlines,"Lanier, Sidney",,,,,,,,,,,,
The Expression of the Emotions in Man and Animals,"Darwin, Charles",,,,,,,,,,,,
A Doll's House,"Ibsen, Henrik",,,,,,,,,,,,
Sartor Resartus: The Life and Opinions of Herr Teufelsdröckh,"Carlyle, Thomas",,,,,,,,,,,,
An Old Babylonian Version of the Gilgamesh Epic,"Clay, Albert Tobias",,,,,,,,,,,,
Autobiography of Andrew Carnegie,"Carnegie, Andrew",,,,,,,,,,,,
The Beggar's Opera; to Which is Prefixed the Musick to Each Song,"Gay, John",,,,,,,,,,,,
"The Elements of Drawing, in Three Letters to Beginners","Ruskin, John",,,,,,,,,,,,
The Virginian: A Horseman of the Plains,"Wister, Owen",,,,,,,,,,,,
The Germany and the Agricola of Tacitus,"Tacitus, Cornelius",,,,,,,,,,,,
Common Sense,"Paine, Thomas",,,,,,,,,,,,
"Letters to His Son, Complete: On the Fine Art of Becoming a Man of the World and a Gentleman","Chesterfield, Philip Dormer Stanhope, Earl of",,,,,,,,,,,,
Chain Reaction,"Ellanby, Boyd",,,,,,,,,,,,
The Border and the Buffalo: An Untold Story of the Southwest Plains,"Cook, John R.",,,,,,,,,,,,
The Beautiful and Damned,"Fitzgerald, F. Scott (Francis Scott)",,,,,,,,,,,,
The Picture of Dorian Gray,"Wilde, Oscar",,,,,,,,,,,,
"Franklin's Way to Wealth: or, 'Poor Richard Improved'","Franklin, Benjamin",,,,,,,,,,,,
The Gift of the Magi,"Henry, O.",,,,,,,,,,,,
1001 zadacha dlia umstvennogo scheta,"Rachinskii, Sergei Aleksandrovich",,,,,,,,,,,,
The Golden Gems of Life: Gathered Jewels for the Home Circle,"Ferguson, S. C.",,,,,,,,,,,,
Sordman the Protector,"Purdom, Tom",,,,,,,,,,,,
Of Human Bondage,"Maugham, W. Somerset (William Somerset)",,,,,,,,,,,,
French Mediaeval Romances from the Lays of Marie de France,"Marie, Queen of Rumania",,,,,,,,,,,,
Against the Grain,"Huysmans, J.-K. (Joris-Karl)",,,,,,,,,,,,
Browning's Shorter Poems,"Browning, Robert",,,,,,,,,,,,
Mr. Spaceship,"Dick, Philip K.",,,,,,,,,,,,
Ambition,"Bade, William L.",,,,,,,,,,,,
Captain Blood,"Sabatini, Rafael",,,,,,,,,,,,
Jane's All the World's Aircraft. 1913,Unknown,,,,,,,,,,,,
"""1812"" Napoleon I in Russia","Vereshchagin, Vasilii Vasilevich",,,,,,,,,,,,
The Voyage of the Beagle,"Darwin, Charles",,,,,,,,,,,,
Howards End,"Forster, E. M. (Edward Morgan)",,,,,,,,,,,,
Modern Essays,Unknown,,,,,,,,,,,,
"The Essays or Counsels, Civil and Moral","Bacon, Francis",,,,,,,,,,,,
The Sketch-Book of Geoffrey Crayon,"Irving, Washington",,,,,,,,,,,,
What's Wrong with the World,"Chesterton, G. K. (Gilbert Keith)",,,,,,,,,,,,
"Fox's Book of Martyrs: Or A History of the Lives, Sufferings, and Triumphant; Deaths of the Primitive Protestant Martyrs","Foxe, John",,,,,,,,,,,,
"Hamlet, Prince of Denmark","Shakespeare, William",,,,,,,,,,,,
The Night Land,"Hodgson, William Hope",,,,,,,,,,,,
Three Ghost Stories,"Dickens, Charles",,,,,,,,,,,,
The Skull,"Dick, Philip K.",,,,,,,,,,,,
The Story of Elizabeth Canning Considered,"Hill, John A. (John Alexander)",,,,,,,,,,,,
The Voyage Out,"Woolf, Virginia",,,,,,,,,,,,
The Golden Asse,Apuleius,,,,,,,,,,,,
"Letters of Abelard and Heloise: To which is prefix'd a particular account of their lives, amours, and misfortunes",Heloise,,,,,,,,,,,,
The Montessori Method: Scientific Pedagogy as Applied to Child Education in 'The Children's Houses' with Additions and Revisions by the Author,"Montessori, Maria",,,,,,,,,,,,
"The German Classics from the Fourth to the Nineteenth Century, Vol. 1 (of 2)","Muller, F. Max (Friedrich Max)",,,,,,,,,,,,
Night and Day,"Woolf, Virginia",,,,,,,,,,,,
The Scarlet Letter,"Hawthorne, Nathaniel",,,,,,,,,,,,
The Mystery of the Yellow Room,"Leroux, Gaston",,,,,,,,,,,,
"""De Bello Gallico"" and Other Commentaries","Caesar, Julius",,,,,,,,,,,,
Myths & Legends of the Celtic Race,"Rolleston, T. W. (Thomas William)",,,,,,,,,,,,
The 2010 CIA World Factbook,United States. Central Intelligence Agency,,,,,,,,,,,,
The Inspector-General,"Gogol, Nikolai Vasilevich",,,,,,,,,,,,
"Toadstools, mushrooms, fungi, edible and poisonous; one thousand American fungi","Macadam, Robert K.",,,,,,,,,,,,
"The Garden Party, and Other Stories","Mansfield, Katherine",,,,,,,,,,,,
Micromegas,Voltaire,,,,,,,,,,,,
Platero y yo,"Jimenez, Juan Ramon",,,,,,,,,,,,
The Analects of Confucius (from the Chinese Classics),Confucius,,,,,,,,,,,,
English Fairy Tales,Unknown,,,,,,,,,,,,
The Ambassadors,"James, Henry",,,,,,,,,,,,
A Pail of Air,"Leiber, Fritz",,,,,,,,,,,,
"Hung Lou Meng, or, the Dream of the Red Chamber, a Chinese Novel, Book I","Cao, Xueqin",,,,,,,,,,,,
The Red House Mystery,"Milne, A. A. (Alan Alexander)",,,,,,,,,,,,
The Mystery of Edwin Drood,"Dickens, Charles",,,,,,,,,,,,
Theresa Raquin,"Zola, Emile",,,,,,,,,,,,
The Prisoner of Zenda,"Hope, Anthony",,,,,,,,,,,,
Orthodoxy,"Chesterton, G. K. (Gilbert Keith)",,,,,,,,,,,,
The Swiss Family Robinson; or Adventures in a Desert Island,"Wyss, Johann David",,,,,,,,,,,,
New Latin Grammar,"Bennett, Charles E. (Charles Edwin)",,,,,,,,,,,,
Gulliver's Travels into Several Remote Regions of the World,"Swift, Jonathan",,,,,,,,,,,,
"A History of Indian Philosophy, Volume 1","Dasgupta, Surendranath",,,,,,,,,,,,
Little Men,"Alcott, Louisa May",,,,,,,,,,,,
Clarissa Harlowe; or the history of a young lady — Volume 1,"Richardson, Samuel",,,,,,,,,,,,
The Chemistry of Food and Nutrition,"Duncan, A. W.",,,,,,,,,,,,
Flappers and Philosophers,"Fitzgerald, F. Scott (Francis Scott)",,,,,,,,,,,,
La chanson des vieux époux,"Loti, Pierre",,,,,,,,,,,,
Euthyphro,Plato,,,,,,,,,,,,
"Hesiod, the Homeric Hymns, and Homerica",Hesiod,,,,,,,,,,,,
The Furious Rose,"Evans, Dean",,,,,,,,,,,,
The Writings of Thomas Paine — Volume 2 (1779-1792): The Rights of Man,"Paine, Thomas",,,,,,,,,,,,
Nursing as Caring: A Model for Transforming Practice,"Boykin, Anne",,,,,,,,,,,,
The Secret Sharer,"Conrad, Joseph",,,,,,,,,,,,
The Common Law,"Holmes, Oliver Wendell",,,,,,,,,,,,
"The Luck of Roaring Camp and Other Tales: With Condensed Novels, Spanish and American Legends, and Earlier Papers","Harte, Bret",,,,,,,,,,,,
The Soul of Man under Socialism,"Wilde, Oscar",,,,,,,,,,,,
The French Revolution: A History,"Carlyle, Thomas",,,,,,,,,,,,
O Pioneers!,"Cather, Willa",,,,,,,,,,,,
The Lady of the Lake,"Scott, Walter",,,,,,,,,,,,
The Story of Mankind,"Van Loon, Hendrik Willem",,,,,,,,,,,,
A Boy's Will,"Frost, Robert",,,,,,,,,,,,
Les Fleurs du Mal,"Baudelaire, Charles",,,,,,,,,,,,
"Studies in the Psychology of Sex, Volume 1: The Evolution of Modesty; The Phenomena of Sexual Periodicity; Auto-Erotism","Ellis, Havelock",,,,,,,,,,,,
The Art of War,"Sunzi, active 6th century B.C.",,,,,,,,,,,,
Sketches New and Old,"Twain, Mark",,,,,,,,,,,,
Hegel's Philosophy of Mind,"Hegel, Georg Wilhelm Friedrich",,,,,,,,,,,,
The Madman: His Parables and Poems,"Gibran, Kahlil",,,,,,,,,,,,
Nicolo Paganini: His Life and Work,"Stratton, Stephen S. (Stephen Samuel)",,,,,,,,,,,,
The Imaginary Invalid,Moliere,,,,,,,,,,,,
Rilla of Ingleside,"Montgomery, L. M. (Lucy Maud)",,,,,,,,,,,,
The Tale of Benjamin Bunny,"Potter, Beatrix",,,,,,,,,,,,
Line and Form (1900),"Crane, Walter",,,,,,,,,,,,
American Notes,"Dickens, Charles",,,,,,,,,,,,
Laws,Plato,,,,,,,,,,,,
Demian: Die Geschichte von Emil Sinclairs Jugend,"Hesse, Hermann",,,,,,,,,,,,
The Autobiography of an Ex-Colored Man,"Johnson, James Weldon",,,,,,,,,,,,
The Complete Poetical Works of Edgar Allan Poe: Including Essays on Poetry,"Poe, Edgar Allan",,,,,,,,,,,,
The Diary of a Nobody,"Grossmith, Weedon",,,,,,,,,,,,
Bradford's History of 'Plimoth Plantation': From the Original Manuscript. With a Report of the Proceedings Incident to the Return of the Manuscript to Massachusetts,"Bradford, William",,,,,,,,,,,,
The Real Mother Goose,Unknown,,,,,,,,,,,,
Uncle Remus and Brer Rabbit,"Harris, Joel Chandler",,,,,,,,,,,,
The Rubaiyat of Omar Khayyam,Omar Khayyam,,,,,,,,,,,,
A Dictionary of Cebuano Visayan,"Wolff, John U.",,,,,,,,,,,,
Lords and Lovers: and Other Dramas,"Dargan, Olive Tilford",,,,,,,,,,,,
"The Slang Dictionary: Etymological, Historical and Andecdotal","Hotten, John Camden",,,,,,,,,,,,
Tales of Terror and Mystery,"Doyle, Arthur Conan",,,,,,,,,,,,
Martin Eden,"London, Jack",,,,,,,,,,,,
The Tragical History of Doctor Faustus: From the Quarto of 1616,"Marlowe, Christopher",,,,,,,,,,,,
The Arabian Nights Entertainments,"Lang, Andrew",,,,,,,,,,,,
Four Weird Tales,"Blackwood, Algernon",,,,,,,,,,,,
Daemonologie.,"James I, King of England",,,,,,,,,,,,
A Beginner's Psychology,"Titchener, Edward Bradford",,,,,,,,,,,,
"The History of Mary Prince, a West Indian Slave","Prince, Mary",,,,,,,,,,,,
Mary Barton,"Gaskell, Elizabeth Cleghorn",,,,,,,,,,,,
"The Little White Bird; Or, Adventures in Kensington Gardens","Barrie, J. M. (James Matthew)",,,,,,,,,,,,
Capture and Escape: A Narrative of Army and Prison Life,"Kellogg, John Azor",,,,,,,,,,,,
The Critique of Practical Reason,"Kant, Immanuel",,,,,,,,,,,,
The Poetical Works of John Milton,"Milton, John",,,,,,,,,,,,
The Complete Poems of Paul Laurence Dunbar,"Dunbar, Paul Laurence",,,,,,,,,,,,
The Flowers of Evil,"Baudelaire, Charles",,,,,,,,,,,,
Woodcraft and Camping,"Sears, George Washington",,,,,,,,,,,,
Woyzeck,"Buchner, Georg",,,,,,,,,,,,
Hamewith,"Murray, Charles Theodore",,,,,,,,,,,,
Die Leiden des jungen Werther — Band 1,"Goethe, Johann Wolfgang von",,,,,,,,,,,,
"Narrative and Critical History of America, Vol. IV (of 8): French Explorations and Settlements in North America and Those of the Portuguese, Dutch, and Swedes 1500-1700",Various,,,,,,,,,,,,
The Zen Experience,"Hoover, Thomas",,,,,,,,,,,,
An Elephant for the Prinkip,"Wesley, Joseph",,,,,,,,,,,,
Pennsylvania Dutch Cooking,Unknown,,,,,,,,,,,,
The Hanging Stranger,"Dick, Philip K.",,,,,,,,,,,,
The Coral Island: A Tale of the Pacific Ocean,"Ballantyne, R. M. (Robert Michael)",,,,,,,,,,,,
The Wonderful Wizard of Oz,"Baum, L. Frank (Lyman Frank)",,,,,,,,,,,,
The World Set Free,"Wells, H. G. (Herbert George)",,,,,,,,,,,,
The Religion of the Ancient Celts,"MacCulloch, J. A. (John Arnott)",,,,,,,,,,,,
Short Stories,"Dostoyevsky, Fyodor",,,,,,,,,,,,
Wives and Daughters,"Gaskell, Elizabeth Cleghorn",,,,,,,,,,,,
A Defence of Poetry and Other Essays,"Shelley, Percy Bysshe",,,,,,,,,,,,
Hunger,"Hamsun, Knut",,,,,,,,,,,,
The Return of Tarzan,"Burroughs, Edgar Rice",,,,,,,,,,,,
Prufrock and Other Observations,"Eliot, T. S. (Thomas Stearns)",,,,,,,,,,,,
Heretics,"Chesterton, G. K. (Gilbert Keith)",,,,,,,,,,,,
"The Great English Short-Story Writers, Volume 1",Unknown,,,,,,,,,,,,
Thought-Forms,"Leadbeater, C. W. (Charles Webster)",,,,,,,,,,,,
The Divine Comedy of Dante Alighieri: The Inferno,Dante Alighieri,,,,,,,,,,,,
The Elder Eddas of Saemund Sigfusson; and the Younger Eddas of Snorre Sturleson,Snorri Sturluson,,,,,,,,,,,,
The Crystal Crypt,"Dick, Philip K.",,,,,,,,,,,,
Public Opinion,"Lippmann, Walter",,,,,,,,,,,,
The Gardener,"Tagore, Rabindranath",,,,,,,,,,,,
The Kreutzer Sonata and Other Stories,"Tolstoy, Leo, graf",,,,,,,,,,,,
The Jolly Corner,"James, Henry",,,,,,,,,,,,
"Mission Furniture: How to Make It, Part 3","Windsor, H. H. (Henry Haven)",,,,,,,,,,,,
The Yoga Sutras of Patanjali: The Book of the Spiritual Man,Patanjali,,,,,,,,,,,,
"The Door in the Wall, and Other Stories","Wells, H. G. (Herbert George)",,,,,,,,,,,,
"Plutarch's Lives, Volume I",Plutarch,,,,,,,,,,,,
"Le comte de Monte-Cristo, Tome I","Dumas, Alexandre",,,,,,,,,,,,
The Book of Tea,"Okakura, Kakuzo",,,,,,,,,,,,
"Rasselas, Prince of Abyssinia","Johnson, Samuel",,,,,,,,,,,,
The Argonautica,"Apollonius, Rhodius",,,,,,,,,,,,
La Divina Commedia di Dante,Dante Alighieri,,,,,,,,,,,,
The Works of Aphra Behn: Volume V,"Behn, Aphra",,,,,,,,,,,,
King Richard III,"Shakespeare, William",,,,,,,,,,,,
The Adventure of the Cardboard Box,"Doyle, Arthur Conan",,,,,,,,,,,,
Foods That Will Win The War And How To Cook Them (1918),"Goudiss, C. Houston (Charles Houston)",,,,,,,,,,,,
The Entire Project Gutenberg Works of Mark Twain,"Twain, Mark",,,,,,,,,,,,
Woodcraft Boys at Sunset Island,"Roy, Lillian Elizabeth",,,,,,,,,,,,
The Moon and Sixpence,"Maugham, W. Somerset (William Somerset)",,,,,,,,,,,,
Moby Word Lists,"Ward, Grady",,,,,,,,,,,,
Riders to the Sea,"Synge, J. M. (John Millington)",,,,,,,,,,,,
"Ancient and Modern Ships, Part 1: Wooden Sailing Ships","Holmes, George Charles Vincent, Sir",,,,,,,,,,,,
The New Life (La Vita Nuova),Dante Alighieri,,,,,,,,,,,,
As You Like It,"Shakespeare, William",,,,,,,,,,,,
Viking Tales,"Hall, Jennie",,,,,,,,,,,,
Aeneidos,Virgil,,,,,,,,,,,,
L'autre monde ou Histoire comique des Etats et Empires de la Lune,"Bergerac, Savinien de Cyrano de",,,,,,,,,,,,
"Theodicy: Essays on the Goodness of God, the Freedom of Man and the Origin of Evil","Leibniz, Gottfried Wilhelm, Freiherr von",,,,,,,,,,,,
The St. Gregory Hymnal and Catholic Choir Book,Unknown,,,,,,,,,,,,
Beeton's Book of Needlework,"Beeton, Mrs. (Isabella Mary)",,,,,,,,,,,,
Ghost Stories of an Antiquary,"James, M. R. (Montague Rhodes)",,,,,,,,,,,,
Martin Chuzzlewit,"Dickens, Charles",,,,,,,,,,,,
Boy of My Heart,"Leighton, Marie Connor",,,,,,,,,,,,
The Scarecrow of Oz,"Baum, L. Frank (Lyman Frank)",,,,,,,,,,,,
Henry D. Thoreau,"Sanborn, F. B.",,,,,,,,,,,,
The Ballad of Reading Gaol,"Wilde, Oscar",,,,,,,,,,,,
The Analysis of Beauty: Written with a view of fixing the fluctuating ideas of taste,"Hogarth, William",,,,,,,,,,,,
The Professor,"Bronte, Charlotte",,,,,,,,,,,,
Russian Fairy Tales: A Choice Collection of Muscovite Folk-lore,Unknown,,,,,,,,,,,,
"Beethoven, the Man and the Artist, as Revealed in His Own Words","Beethoven, Ludwig van",,,,,,,,,,,,
Triplanetary,"Smith, E. E. (Edward Elmer)",,,,,,,,,,,,
Ben-Hur; a tale of the Christ,"Wallace, Lew",,,,,,,,,,,,
"Claudian, volume 1 (of 2): With an English translation by Maurice Platnauer","Claudianus, Claudius",,,,,,,,,,,,
The Love of Monsieur,"Gibbs, George",,,,,,,,,,,,
Self-Control Its Kingship and Majesty,"Jordan, William George",,,,,,,,,,,,
Beach Scene,"King, Marshall",,,,,,,,,,,,
Dumbwaiter,"Stamers, James",,,,,,,,,,,,
Kreativity For Kats,"Leiber, Fritz",,,,,,,,,,,,
East In The Morning,"Fisher, David E.",,,,,,,,,,,,
"The Donkey, the Elephant, and the Goat: At a Public Meeting","Preston, Jack",,,,,,,,,,,,
A Garden Diary: September 1899—September 1900,"Lawless, Emily",,,,,,,,,,,,
Flying Machines Today,"Ennis, William Duane",,,,,,,,,,,,
Perfect Answer,"Stecher, L.J.",,,,,,,,,,,,
The Reluctant Heroes,"Robinson, Frank M.",,,,,,,,,,,,
"Film Truth; September, 1920",Anonymous,,,,,,,,,,,,
Othmar,Ouida,,,,,,,,,,,,
Church History (Volumes 1-3),"Kurtz, J. H. (Johann Heinrich)",,,,,,,,,,,,
The Uncensored Letters of a Canteen Girl,"Morse, Katharine Duncan",,,,,,,,,,,,
